{"initial_reset_timestamp": 1504365778.1740842, "timestamps": [1504365778.436597, 1504365780.2671769, 1504365781.5658014, 1504365782.8770554, 1504365784.235378, 1504365785.4764516, 1504365786.751282, 1504365788.0389998, 1504365789.681204, 1504365790.9295888, 1504365792.2805552, 1504365793.6162393, 1504365795.1190326, 1504365796.3665576, 1504365797.6801217, 1504365798.9239633, 1504365800.2985103, 1504365801.608961, 1504365802.8860826, 1504365804.3252814, 1504365805.8134313, 1504365807.0728552, 1504365808.3394325, 1504365809.6522107, 1504365811.1258383, 1504365812.3721938, 1504365813.72605, 1504365815.40119, 1504365816.661562, 1504365818.0183964, 1504365819.2597256, 1504365820.6681764, 1504365821.9122252, 1504365823.1646528, 1504365824.4083843, 1504365825.6747844], "episode_lengths": [173, 292, 212, 278, 276, 165, 214, 228, 179, 168, 322, 294, 204, 174, 273, 181, 336, 251, 222, 429, 178, 194, 213, 273, 180, 166, 315, 445, 168, 304, 172, 380, 169, 182, 172, 193], "episode_rewards": [0.0, 2.0, 1.0, 2.0, 2.0, 0.0, 1.0, 1.0, 0.0, 0.0, 3.0, 2.0, 1.0, 0.0, 2.0, 0.0, 3.0, 2.0, 1.0, 4.0, 0.0, 0.0, 1.0, 2.0, 0.0, 0.0, 3.0, 6.0, 0.0, 2.0, 0.0, 4.0, 0.0, 0.0, 0.0, 0.0], "episode_types": ["t", "t", "t", "t", "t", "t", "t", "t", "t", "t", "t", "t", "t", "t", "t", "t", "t", "t", "t", "t", "t", "t", "t", "t", "t", "t", "t", "t", "t", "t", "t", "t", "t", "t", "t", "t"]}